{
    "cycles_program_begin": 95058254358964,
    "CompileStrategy": "fullobj",
    "CurCompileModules": [
        "...MASTER...",
        "vcs_paramclassrepository",
        "vcs_paramclassrepository",
        "std",
        "uvm_pkg",
        "_vcs_msglog",
        "_vcs_unit__3820934895",
        "uvm_custom_install_recording",
        "_vcs_DPI_package",
        "uvm_custom_install_verdi_recording",
        "uvm_custom_install_verdi_recording",
        "lvc_ahb_pkg",
        "lvc_ahb_pkg",
        "ahb_ram_pkg",
        "ahb_ram_pkg",
        "ahb_ram_tb",
        "lvc_ahb_if",
        "ahb_ram_if",
        "ahb_blockram_32"
    ],
    "cpu_cycles_pass2_start": 95087024714850,
    "perf": [
        {
            "stat": [
                "main",
                "entry",
                0.13531708717346191,
                0.14551500000000001,
                0.070158999999999999,
                259288,
                259288,
                0.0,
                0.0,
                1677510294.843709,
                95058254826832
            ],
            "sub": [
                {
                    "stat": [
                        "doParsingAndDesignResolution",
                        "entry",
                        0.1371161937713623,
                        0.14627699999999999,
                        0.071196999999999996,
                        259420,
                        259424,
                        0.0,
                        0.0,
                        1677510294.8455081,
                        95058259744142
                    ],
                    "sub": []
                },
                {
                    "stat": [
                        "doParsingAndDesignResolution",
                        "exit",
                        2.3832581043243408,
                        2.1270829999999998,
                        0.28424899999999997,
                        325852,
                        325852,
                        0.0,
                        0.0,
                        1677510297.09165,
                        95064534506817
                    ],
                    "sub": []
                },
                {
                    "stat": [
                        "doPostDesignResolutionToVir2Vcs",
                        "entry",
                        2.4647071361541748,
                        2.1841879999999998,
                        0.30823099999999998,
                        327568,
                        327572,
                        0.0,
                        0.0,
                        1677510297.173099,
                        95064762101653
                    ],
                    "sub": [
                        {
                            "stat": [
                                "doUptoVir2VcsNoSepCleanup",
                                "entry",
                                4.130791187286377,
                                3.7890129999999997,
                                0.35860399999999998,
                                328344,
                                328348,
                                0.0,
                                0.0,
                                1677510298.8391831,
                                95069416286067
                            ],
                            "sub": []
                        },
                        {
                            "stat": [
                                "doUptoVir2VcsNoSepCleanup",
                                "exit",
                                9.6378750801086426,
                                8.6403409999999994,
                                0.80690399999999995,
                                393440,
                                393464,
                                0.0066909999999999999,
                                0.055399999999999998,
                                1677510304.346267,
                                95084800659874
                            ],
                            "sub": []
                        },
                        {
                            "stat": [
                                "doRadify_vir2vcsAll",
                                "entry",
                                9.6380441188812256,
                                8.6404969999999999,
                                0.80691900000000005,
                                393440,
                                393464,
                                0.0066909999999999999,
                                0.055399999999999998,
                                1677510304.346436,
                                95084800981565
                            ],
                            "sub": []
                        },
                        {
                            "stat": [
                                "doRadify_vir2vcsAll",
                                "exit",
                                10.23418402671814,
                                9.0301910000000003,
                                1.0122549999999999,
                                410220,
                                410220,
                                0.0066909999999999999,
                                0.055399999999999998,
                                1677510304.9425759,
                                95086466399678
                            ],
                            "sub": []
                        }
                    ]
                },
                {
                    "stat": [
                        "doPostDesignResolutionToVir2Vcs",
                        "exit",
                        10.234269142150879,
                        9.0302699999999998,
                        1.0122640000000001,
                        410220,
                        410220,
                        0.0066909999999999999,
                        0.055399999999999998,
                        1677510304.942661,
                        95086466499225
                    ],
                    "sub": []
                },
                {
                    "stat": [
                        "doGAToPass2",
                        "entry",
                        10.234304189682007,
                        9.0303009999999997,
                        1.012267,
                        410220,
                        410220,
                        0.0066909999999999999,
                        0.055399999999999998,
                        1677510304.9426961,
                        95086466589179
                    ],
                    "sub": [
                        {
                            "stat": [
                                "DoPass2",
                                "entry",
                                10.434029102325439,
                                9.0605980000000006,
                                1.0442929999999999,
                                410220,
                                410228,
                                0.030464000000000001,
                                0.161386,
                                1677510305.142421,
                                95087024689889
                            ],
                            "sub": []
                        },
                        {
                            "stat": [
                                "DoPass2",
                                "exit",
                                17.478468179702759,
                                15.590814,
                                1.523631,
                                415060,
                                415088,
                                0.031754999999999999,
                                0.17171700000000001,
                                1677510312.1868601,
                                95106703622876
                            ],