{
    "CompileStrategy": "fullobj",
    "CompileProcesses": [
        "cgproc.85662.json"
    ],
    "stat": {
        "cpu_cycles_cgstart": 57713348006151,
        "CodeGen(%)": 49.546449663867953,
        "ru_self_cgstart": {
            "ru_maxrss_kb": 155244,
            "ru_utime_sec": 6.0387560000000002,
            "ru_nvcsw": 262,
            "ru_stime_sec": 0.88109199999999999,
            "ru_minflt": 63323,
            "ru_majflt": 94,
            "ru_nivcsw": 94
        },
        "ru_childs_cgstart": {
            "ru_maxrss_kb": 97212,
            "ru_utime_sec": 0.021172,
            "ru_nvcsw": 71,
            "ru_stime_sec": 0.11951199999999999,
            "ru_minflt": 10619,
            "ru_majflt": 18,
            "ru_nivcsw": 19
        },
        "cpu_cycles_end": 57730936652491,
        "nMops": 741757,
        "ru_childs_end": {
            "ru_maxrss_kb": 114700,
            "ru_utime_sec": 0.050675999999999999,
            "ru_nvcsw": 118,
            "ru_stime_sec": 0.181897,
            "ru_minflt": 19910,
            "ru_majflt": 22,
            "ru_nivcsw": 35
        },
        "nQuads": 239247,
        "totalObjSize": 17131680,
        "ru_self_end": {
            "ru_maxrss_kb": 176804,
            "ru_utime_sec": 11.960229,
            "ru_nvcsw": 299,
            "ru_stime_sec": 1.1216189999999999,
            "ru_minflt": 84268,
            "ru_majflt": 95,
            "ru_nivcsw": 184
        },
        "cpu_cycles_total": 37864526142,
        "outputSizePerQuad": 71.606665914306134,
        "mopSpeed": 124644.57516807746,
        "quadSpeed": 40202.978435305675,
        "mop/quad": 3.1003816139805305,
        "Frontend(%)": 50.453550336132039,
        "peak_mem_kb": 415072,
        "realTime": 13.709629058837891
    },
    "cycles_program_begin": 57693072126349,
    "perf": [
        {
            "stat": [
                "main",
                "entry",
                0.15540409088134766,
                0.103405,
                0.26303100000000001,
                259288,
                259288,
                0.0,
                0.0,
                1675859567.90132,
                57693072555454
            ],
            "sub": [
                {
                    "stat": [
                        "doParsingAndDesignResolution",
                        "entry",
                        0.16261911392211914,
                        0.10442,
                        0.26908399999999999,
                        259420,
                        259424,
                        0.0,
                        0.0,
                        1675859567.908535,
                        57693092637557
                    ],
                    "sub": []
                },
                {
                    "stat": [
                        "doParsingAndDesignResolution",
                        "exit",
                        1.8857371807098389,
                        1.4845299999999999,
                        0.53334599999999999,
                        333728,
                        333728,
                        0.0,
                        0.0,
                        1675859569.6316531,
                        57697906280362
                    ],
                    "sub": []
                },
                {
                    "stat": [
                        "doPostDesignResolutionToVir2Vcs",
                        "entry",
                        1.931685209274292,
                        1.5103089999999999,
                        0.553311,
                        335304,
                        335308,
                        0.0,
                        0.0,
                        1675859569.6776011,
                        57698034663619
                    ],
                    "sub": [
                        {
                            "stat": [
                                "doUptoVir2VcsNoSepCleanup",
                                "entry",
                                3.1671731472015381,
                                2.6805529999999997,
                                0.59231999999999996,
                                336132,
                                336136,
                                0.0,
                                0.0,
                                1675859570.913089,
                                57701486393118
                            ],
                            "sub": []
                        },
                        {
                            "stat": [
                                "doUptoVir2VcsNoSepCleanup",
                                "exit",
                                7.0383610725402832,
                                5.7548200000000005,
                                0.85924400000000001,
                                393552,
                                393572,
                                0.011283,
                                0.064297999999999994,
                                1675859574.784277,
                                57712300422236
                            ],
                            "sub": []
                        },
                        {
                            "stat": [
                                "doRadify_vir2vcsAll",
                                "entry",
                                7.0385231971740723,
                                5.7549630000000001,
                                0.85926499999999995,
                                393552,
                                393572,
                                0.011283,
                                0.064297999999999994,
                                1675859574.7844391,
                                57712300778372
                            ],
                            "sub": []
                        },
                        {
                            "stat": [
                                "doRadify_vir2vcsAll",
                                "exit",
                                7.3200531005859375,
                                6.0193649999999996,
                                0.876166,
                                393684,
                                393684,
                                0.011283,
                                0.064297999999999994,
                                1675859575.065969,
                                57713087339534
                            ],
                            "sub": []
                        }
                    ]
                },
                {
                    "stat": [
                        "doPostDesignResolutionToVir2Vcs",
                        "exit",
                        7.3201301097869873,
                        6.0194349999999996,
                        0.87617599999999995,
                        393684,
                        393684,
                        0.011283,
                        0.064297999999999994,
                        1675859575.066046,
                        57713087449595
                    ],
                    "sub": []
                },
                {
                    "stat": [
                        "doGAToPass2",
                        "entry",
                        7.3201661109924316,
                        6.0194660000000004,
                        0.87618099999999999,
                        393684,
                        393684,
                        0.011283,
                        0.064297999999999994,
                        1675859575.066082,
                        57713087527052
                    ],